지역,년,prediction_label
강원도,2021,490.7891188340471
강원도,2022,500.1032469270937
강원도,2023,512.6056084344127
강원도,2024,506.25082188602954
강원도,2025,491.43552192294914
강원도,2026,515.7143998843657
강원도,2027,490.6687628109994
강원도,2028,518.7575903351903
강원도,2029,499.4945131688558
강원도,2030,479.3200073130385
강원도,2031,501.21376412688363
강원도,2032,535.0111834896551
강원도,2033,420.048318764678
강원도,2034,530.6798176431115
강원도,2035,457.3394316714638
강원도,2036,454.0860555632102
강원도,2037,503.29602661884553
강원도,2038,521.224187692216
강원도,2039,494.6765811736485
강원도,2040,514.6072641306184
강원도,2041,502.9538690715393
강원도,2042,483.842905948245
강원도,2043,494.7632146051995
강원도,2044,494.4341556806985
강원도,2045,496.86420524738344
강원도,2046,479.79624002853177
강원도,2047,496.1971700068193
강원도,2048,493.4606338035074
강원도,2049,475.890529529232
강원도,2050,479.9669900952283
강원도,2051,503.2087339979383
강원도,2052,467.0179414190214
강원도,2053,496.43900156749515
강원도,2054,491.7241438800168
강원도,2055,466.03378808866023
강원도,2056,468.91247165681636
강원도,2057,484.48431630373045
강원도,2058,496.2428161005441
강원도,2059,462.69765303090236
강원도,2060,505.694108542915
강원도,2061,483.40603458181533
강원도,2062,458.0660319358754
강원도,2063,488.0476110977524
강원도,2064,500.71462278358405
강원도,2065,493.34237401621095
강원도,2066,488.3461055329328
강원도,2067,471.31185433046784
강원도,2068,492.4118531230973
강원도,2069,493.3397213840327
강원도,2070,488.92290073072553
강원도,2071,454.90558119425776
강원도,2072,446.3181132481186
강원도,2073,450.8058641063851
강원도,2074,487.23958184730213
강원도,2075,494.2952806454436
강원도,2076,502.5922704325764
강원도,2077,475.61579651243176
강원도,2078,484.01742504822096
강원도,2079,469.4934462045772
강원도,2080,479.99503149312596
강원도,2081,450.35570221439684
강원도,2082,461.6260800105251
강원도,2083,465.40365932065544
강원도,2084,475.6270701228613
강원도,2085,423.03716917649416
강원도,2086,480.5463813825924
강원도,2087,492.08381814507095
강원도,2088,490.53495055810515
강원도,2089,483.9713146630172
강원도,2090,476.91821516585406
강원도,2091,462.1276865915717
강원도,2092,473.12513681143025
강원도,2093,477.3648933714041
강원도,2094,461.90018602345486
강원도,2095,458.7971089864664
강원도,2096,474.04118463404825
강원도,2097,465.6736646786748
강원도,2098,464.74033967736597
강원도,2099,452.8119553412015
강원도,2100,489.36998497716377
경기도,2021,481.65226671365053
경기도,2022,463.2307012977318
경기도,2023,506.90278673696355
경기도,2024,473.5998699948362
경기도,2025,460.08208781618185
경기도,2026,495.2417724640915
경기도,2027,459.4312379967609
경기도,2028,470.0796070378131
경기도,2029,458.5296125878064
경기도,2030,452.89068771035176
경기도,2031,476.65883004509135
경기도,2032,510.2120117380861
경기도,2033,399.7950568654842
경기도,2034,508.0260693956078
경기도,2035,436.2779323793299
경기도,2036,435.78735579670035
경기도,2037,481.38509795806874
경기도,2038,489.63405020142324
경기도,2039,452.6224084819064
경기도,2040,495.1498685016562
경기도,2041,479.1841709009394
경기도,2042,473.9411976343797
경기도,2043,457.428105620881
경기도,2044,478.1323370534487
경기도,2045,460.2521945169452
경기도,2046,440.77429962565895
경기도,2047,465.6800449899194
경기도,2048,456.745062843797
경기도,2049,456.66070171387156
경기도,2050,446.5879563733837
경기도,2051,476.92371165862113
경기도,2052,425.94757183519727
경기도,2053,454.5530691138358
경기도,2054,470.0432989895953
경기도,2055,442.41703827193726
경기도,2056,447.25379853596434
경기도,2057,452.32136922815863
경기도,2058,469.87449872929056
경기도,2059,443.05404948881505
경기도,2060,491.851370224885
경기도,2061,458.8722574237015
경기도,2062,443.23049645577026
경기도,2063,451.26025908458706
경기도,2064,478.34984489530154
경기도,2065,468.3843278805232
경기도,2066,450.8164921541878
경기도,2067,440.78973500449507
경기도,2068,472.8195206823755
경기도,2069,456.1169984861235
경기도,2070,455.430522263194
경기도,2071,418.16240784014656
경기도,2072,422.45186041708774
경기도,2073,435.74428151526115
경기도,2074,460.6212068944456
경기도,2075,471.87303823181514
경기도,2076,489.45405207708455
경기도,2077,447.79552703820445
경기도,2078,470.55351061546713
경기도,2079,460.53826845400107
경기도,2080,438.89183193810845
경기도,2081,436.3862441941226
경기도,2082,452.87004638972985
경기도,2083,431.455351685108
경기도,2084,447.907254679059
경기도,2085,394.370894378727
경기도,2086,460.3366834927841
경기도,2087,446.5068172104393
경기도,2088,472.4662165856481
경기도,2089,446.05320491076884
경기도,2090,465.05375785727796
경기도,2091,451.19564476186895
경기도,2092,455.7730383234068
경기도,2093,455.2631388003392
경기도,2094,433.71230033195695
경기도,2095,432.96117847101965
경기도,2096,445.49255688830675
경기도,2097,438.14655335264024
경기도,2098,434.5060827692641
경기도,2099,435.1483289867434
경기도,2100,454.3643692327194
경상남도,2021,456.5410226751764
경상남도,2022,482.11501835085517
경상남도,2023,486.31408057681926
경상남도,2024,478.4020635442261
경상남도,2025,475.5054086083829
경상남도,2026,482.5365500183636
경상남도,2027,447.17784844488074
경상남도,2028,488.0157776976608
경상남도,2029,473.8866044660752
경상남도,2030,447.8409719256569
경상남도,2031,459.0833555799147
경상남도,2032,486.8861058166644
경상남도,2033,381.8626736590885
경상남도,2034,516.0847246869907
경상남도,2035,424.4663901002111
경상남도,2036,387.9321283020779
경상남도,2037,481.3511130419633
경상남도,2038,499.26215570108974
경상남도,2039,450.86714216475906
경상남도,2040,486.09662551451413
경상남도,2041,481.1096369196461
경상남도,2042,474.2141546073122
경상남도,2043,454.803068607317
경상남도,2044,474.1997953451366
경상남도,2045,470.8205519561718
경상남도,2046,450.1852690344142
경상남도,2047,469.71004334594755
경상남도,2048,466.3315693644005
경상남도,2049,446.938199733292
경상남도,2050,454.493246301184
경상남도,2051,472.6664116939228
경상남도,2052,442.41382218137676
경상남도,2053,450.5528270350629
경상남도,2054,460.38101273093235
경상남도,2055,425.7009288804758
경상남도,2056,437.14950963826504
경상남도,2057,459.11628513801645
경상남도,2058,452.24333648467655
경상남도,2059,437.6914497737926
경상남도,2060,493.6824038537667
경상남도,2061,449.32211401817324
경상남도,2062,440.07398605727917
경상남도,2063,439.2068951313794
경상남도,2064,417.0226661173318
경상남도,2065,459.35813693477553
경상남도,2066,458.9568301435396
경상남도,2067,442.585021071562
경상남도,2068,481.9543764069248
경상남도,2069,462.0565832129984
경상남도,2070,435.7171375877501
경상남도,2071,435.37031931682736
경상남도,2072,429.29418904656154
경상남도,2073,426.28794443775803
경상남도,2074,448.61499655024716
경상남도,2075,470.86351950996857
경상남도,2076,471.02642045297927
경상남도,2077,438.8188183920258
경상남도,2078,453.5960189942249
경상남도,2079,444.6960102203402
경상남도,2080,447.34860197101995
경상남도,2081,434.9421934561013
경상남도,2082,439.2655652770288
경상남도,2083,443.972469389283
경상남도,2084,455.63315506384623
경상남도,2085,432.55215577785606
경상남도,2086,461.26638394116395
경상남도,2087,461.3985426515745
경상남도,2088,458.89724246621427
경상남도,2089,450.2197622928299
경상남도,2090,457.2048517076522
경상남도,2091,432.18504993655426
경상남도,2092,448.69297678232294
경상남도,2093,443.00318136215816
경상남도,2094,433.68201757436617
경상남도,2095,438.4247824279216
경상남도,2096,447.70882221984857
경상남도,2097,438.19850352092027
경상남도,2098,455.792005278746
경상남도,2099,435.5180131451688
경상남도,2100,459.2105524606238
경상북도,2021,504.25330505866134
경상북도,2022,511.98816275265915
경상북도,2023,525.5573404659584
경상북도,2024,525.9154299731532
경상북도,2025,504.985152938761
경상북도,2026,519.4596755022208
경상북도,2027,485.8878077966345
경상북도,2028,523.5212201139502
경상북도,2029,508.7036037718064
경상북도,2030,485.9575691721852
경상북도,2031,501.96583500593357
경상북도,2032,536.9549630575278
경상북도,2033,437.7563763069682
경상북도,2034,547.1069655714728
경상북도,2035,475.8946690231467
경상북도,2036,456.23830346794716
경상북도,2037,509.5267645922771
경상북도,2038,536.7318052357659
경상북도,2039,492.3428802568123
경상북도,2040,513.9772466667836
경상북도,2041,517.9395660371747
경상북도,2042,491.53772937431097
경상북도,2043,505.29091678457377
경상북도,2044,504.3585380234206
경상북도,2045,502.13256077419226
경상북도,2046,492.47445301405907
경상북도,2047,503.2327779656472
경상북도,2048,501.76521833932605
경상북도,2049,489.51223063940665
경상북도,2050,495.88986501912916
경상북도,2051,512.4794034473438
경상북도,2052,483.87212253771355
경상북도,2053,500.2321580618702
경상북도,2054,494.2891900590426
경상북도,2055,457.38635867401206
경상북도,2056,479.5379250947114
경상북도,2057,494.4713659860526
경상북도,2058,499.5472137524783
경상북도,2059,471.238165599007
경상북도,2060,515.7401221953963
경상북도,2061,486.4838350532422
경상북도,2062,479.977318517583
경상북도,2063,488.55276072870254
경상북도,2064,484.98159962396034
경상북도,2065,497.5552298737676
경상북도,2066,503.82783261946264
경상북도,2067,482.1900687725746
경상북도,2068,513.5417689594377
경상북도,2069,505.4266554855856
경상북도,2070,466.6426913290029
경상북도,2071,467.0971009727844
경상북도,2072,455.324538481988
경상북도,2073,451.7373131352225
경상북도,2074,491.41330530290804
경상북도,2075,500.3839178888314
경상북도,2076,502.44576674662056
경상북도,2077,473.74890769644605
경상북도,2078,484.4676716664882
경상북도,2079,479.3342739321049
경상북도,2080,481.62206033803506
경상북도,2081,469.9519304472526
경상북도,2082,456.90225230563226
경상북도,2083,474.3290894947042
경상북도,2084,487.6373685609441
경상북도,2085,447.6978033829403
경상북도,2086,493.614959005117
경상북도,2087,495.48011780515327
경상북도,2088,485.73313853485064
경상북도,2089,478.8651016548914
경상북도,2090,479.32656976146393
경상북도,2091,462.3932565622899
경상북도,2092,477.767236740388
경상북도,2093,473.6884450996397
경상북도,2094,461.9789643355748
경상북도,2095,466.50991515465944
경상북도,2096,481.8436306569116
경상북도,2097,468.7677989072083
경상북도,2098,474.6905831409144
경상북도,2099,458.424877667603
경상북도,2100,482.83269527538096
광주광역시,2021,446.6133512551637
광주광역시,2022,485.2134884922962
광주광역시,2023,502.4393807818784
광주광역시,2024,485.5354686712806
광주광역시,2025,491.19778038319004
광주광역시,2026,495.6811865361124
광주광역시,2027,453.0666972614112
광주광역시,2028,487.3001123013663
광주광역시,2029,474.1081767026901
광주광역시,2030,465.79193781893815
광주광역시,2031,472.4410899294436
광주광역시,2032,503.0766496730879
광주광역시,2033,386.28223565382984
광주광역시,2034,523.926888555311
광주광역시,2035,438.5970693743515
광주광역시,2036,430.51420811679094
광주광역시,2037,468.6704686623755
광주광역시,2038,497.73182327489667
광주광역시,2039,461.4419505757827
광주광역시,2040,484.3610891715853
광주광역시,2041,483.9007913950973
광주광역시,2042,461.1339766088974
광주광역시,2043,478.8603532663925
광주광역시,2044,464.2665724090279
광주광역시,2045,456.9332662174
광주광역시,2046,459.7876949789542
광주광역시,2047,457.84031863130633
광주광역시,2048,473.23759975583124
광주광역시,2049,462.118577388797
광주광역시,2050,470.0037225132928
광주광역시,2051,479.94986934372173
광주광역시,2052,440.2705332265095
광주광역시,2053,453.3553788038437
광주광역시,2054,463.09755121919613
광주광역시,2055,432.06744012316904
광주광역시,2056,430.42652981608
광주광역시,2057,467.40162734090063
광주광역시,2058,466.4580245963091
광주광역시,2059,442.1083523376527
광주광역시,2060,486.96054585915044
광주광역시,2061,462.37372163548696
광주광역시,2062,452.8101190809085
광주광역시,2063,437.0135434593728
광주광역시,2064,421.7769279302657
광주광역시,2065,470.2144098541668
광주광역시,2066,466.24334563465993
광주광역시,2067,447.55585672789493
광주광역시,2068,498.0960425491722
광주광역시,2069,471.8059369184107
광주광역시,2070,443.0697478542184
광주광역시,2071,439.44029733353176
광주광역시,2072,440.7990915055064
광주광역시,2073,378.32091626839986
광주광역시,2074,461.2328491501641
광주광역시,2075,487.90488867089374
광주광역시,2076,455.15350279400013
광주광역시,2077,444.02740905700983
광주광역시,2078,466.1222903346697
광주광역시,2079,458.1532792870386
광주광역시,2080,446.8836002000018
광주광역시,2081,427.54581992556825
광주광역시,2082,444.4636207040658
광주광역시,2083,451.3415087066613
광주광역시,2084,463.823726018594
광주광역시,2085,442.28699754423985
광주광역시,2086,456.20175197131834
광주광역시,2087,461.7363028538003
광주광역시,2088,467.74657192862895
광주광역시,2089,448.43131868770627
광주광역시,2090,466.707092029971
광주광역시,2091,456.1027155430408
광주광역시,2092,455.3150599372914
광주광역시,2093,454.63970623256085
광주광역시,2094,440.35020475694347
광주광역시,2095,436.44073400122716
광주광역시,2096,463.75781333340507
광주광역시,2097,438.9191528778517
광주광역시,2098,456.71359204799523
광주광역시,2099,434.7750479888629
광주광역시,2100,461.24953774918845
대구광역시,2021,485.0793808764005
대구광역시,2022,499.3692575847783
대구광역시,2023,504.3571365816434
대구광역시,2024,508.263366408232
대구광역시,2025,493.77905832338416
대구광역시,2026,502.9018917049997
대구광역시,2027,466.9188235145662
대구광역시,2028,510.0322279311066
대구광역시,2029,489.5917552972196
대구광역시,2030,468.87204697817896
대구광역시,2031,484.5113647822475
대구광역시,2032,517.819792156393
대구광역시,2033,412.1221818646873
대구광역시,2034,533.047462152093
대구광역시,2035,450.98068244460603
대구광역시,2036,443.1737882612364
대구광역시,2037,484.0923761031214
대구광역시,2038,516.2440735309627
대구광역시,2039,470.2122910529767
대구광역시,2040,484.1288841847374
대구광역시,2041,494.0934028389882
대구광역시,2042,470.4870559406967
대구광역시,2043,480.81865805521045
대구광역시,2044,481.8603719904913
대구광역시,2045,475.9516848120336
대구광역시,2046,468.85402644701
대구광역시,2047,480.6647651427945
대구광역시,2048,478.0929742067376
대구광역시,2049,470.2647814621626
대구광역시,2050,471.1461746303506
대구광역시,2051,486.27065354849833
대구광역시,2052,464.54031797103244
대구광역시,2053,480.9394875130935
대구광역시,2054,478.9805205634766
대구광역시,2055,446.8709364617558
대구광역시,2056,455.3705539206976
대구광역시,2057,478.402736237781
대구광역시,2058,475.05345105508684
대구광역시,2059,454.4284102239335
대구광역시,2060,490.59534208574894
대구광역시,2061,477.8651571481861
대구광역시,2062,465.86454635293745
대구광역시,2063,461.3638563534694
대구광역시,2064,458.8905237608369
대구광역시,2065,480.5326005583422
대구광역시,2066,481.03479402146627
대구광역시,2067,474.26773537339085
대구광역시,2068,493.84497130101454
대구광역시,2069,483.19513658376286
대구광역시,2070,453.5713313418137
대구광역시,2071,460.8190645552046
대구광역시,2072,455.54771468704826
대구광역시,2073,446.4588073389242
대구광역시,2074,469.00990145402017
대구광역시,2075,484.61136325037273
대구광역시,2076,476.343634575835
대구광역시,2077,454.03922393652675
대구광역시,2078,476.56978517515694
대구광역시,2079,465.25790099525335
대구광역시,2080,459.8275235502262
대구광역시,2081,452.64205047837794
대구광역시,2082,456.39736011459973
대구광역시,2083,466.8011256648101
대구광역시,2084,470.1267075610786
대구광역시,2085,450.24868210183126
대구광역시,2086,473.96394656859127
대구광역시,2087,477.03961125197605
대구광역시,2088,473.50311066559374
대구광역시,2089,472.7455687090628
대구광역시,2090,473.36388552190647
대구광역시,2091,462.4152124655774
대구광역시,2092,465.3581989683754
대구광역시,2093,466.5696983833045
대구광역시,2094,452.89867220866546
대구광역시,2095,460.3414816767662
대구광역시,2096,473.6948968195065
대구광역시,2097,462.39159626974504
대구광역시,2098,469.500095073105
대구광역시,2099,457.8010728352402
대구광역시,2100,477.0362079392349
대전광역시,2021,475.657234720139
대전광역시,2022,490.7495090222338
대전광역시,2023,506.09216493653486
대전광역시,2024,489.7748623821126
대전광역시,2025,487.54177968996197
대전광역시,2026,504.02476749986783
대전광역시,2027,473.4653852984966
대전광역시,2028,488.44849155338284
대전광역시,2029,488.246331329808
대전광역시,2030,458.6944109696385
대전광역시,2031,490.3290217632062
대전광역시,2032,507.93120243850365
대전광역시,2033,404.7187054564641
대전광역시,2034,511.8706514902873
대전광역시,2035,441.4395217068529
대전광역시,2036,438.13069608162505
대전광역시,2037,488.174049839803
대전광역시,2038,511.4902994050476
대전광역시,2039,483.855175539274
대전광역시,2040,497.308810180663
대전광역시,2041,489.3760278482203
대전광역시,2042,460.88142498055026
대전광역시,2043,480.1713464374222
대전광역시,2044,475.2685585688364
대전광역시,2045,476.9774064588295
대전광역시,2046,454.4860477729093
대전광역시,2047,476.0942902143839
대전광역시,2048,476.8310897486529
대전광역시,2049,455.85226684441284
대전광역시,2050,463.23562418184775
대전광역시,2051,475.9967331479304
대전광역시,2052,449.0903770515659
대전광역시,2053,465.90968832845635
대전광역시,2054,482.68141289629114
대전광역시,2055,441.00779022884007
대전광역시,2056,451.77048161261604
대전광역시,2057,452.30076872446415
대전광역시,2058,473.4941103304915
대전광역시,2059,450.34805967519947
대전광역시,2060,491.01731838904607
대전광역시,2061,467.1195507101749
대전광역시,2062,445.0868114739503
대전광역시,2063,450.0043352495685
대전광역시,2064,452.6466733742664
대전광역시,2065,477.8459133926203
대전광역시,2066,457.72968275197206
대전광역시,2067,450.5037407152344
대전광역시,2068,482.81403771020365
대전광역시,2069,465.275637633382
대전광역시,2070,457.22675910221506
대전광역시,2071,441.1040615635221
대전광역시,2072,445.74041923159774
대전광역시,2073,427.84049163732703
대전광역시,2074,461.6034930812484
대전광역시,2075,470.2716136481994
대전광역시,2076,483.33559140184343
대전광역시,2077,440.5367429911793
대전광역시,2078,471.4539845616654
대전광역시,2079,456.34419244347873
대전광역시,2080,455.7509047503363
대전광역시,2081,434.5701838624914
대전광역시,2082,445.7718780218584
대전광역시,2083,453.44986895525096
대전광역시,2084,458.138985894047
대전광역시,2085,443.63070135072985
대전광역시,2086,465.14839404713
대전광역시,2087,461.1212576383097
대전광역시,2088,478.0042737942581
대전광역시,2089,449.9057076508468
대전광역시,2090,467.48650424861756
대전광역시,2091,455.9900998813503
대전광역시,2092,468.8375434851989
대전광역시,2093,462.409559970291
대전광역시,2094,443.6453588057232
대전광역시,2095,434.8915017051529
대전광역시,2096,470.5900545745178
대전광역시,2097,445.2310823283022
대전광역시,2098,450.51946444081756
대전광역시,2099,435.5717226325329
대전광역시,2100,466.1250383240386
부산광역시,2021,442.26549520749813
부산광역시,2022,450.3788853631135
부산광역시,2023,446.93863187625766
부산광역시,2024,465.0053779431639
부산광역시,2025,445.3334939027013
부산광역시,2026,456.36073518516486
부산광역시,2027,421.9265523868358
부산광역시,2028,454.41006521052395
부산광역시,2029,427.74397387134906
부산광역시,2030,431.5829573472839
부산광역시,2031,429.23646962332003
부산광역시,2032,447.9949392176594
부산광역시,2033,378.02254203467066
부산광역시,2034,471.2074850829386
부산광역시,2035,403.55942080862826
부산광역시,2036,366.12362168212917
부산광역시,2037,438.08191737322
부산광역시,2038,460.22595172065536
부산광역시,2039,427.4809109187169
부산광역시,2040,441.1589352341994
부산광역시,2041,455.8744703391558
부산광역시,2042,444.13572936406996
부산광역시,2043,434.52334575826546
부산광역시,2044,441.8499667869119
부산광역시,2045,452.42703575336924
부산광역시,2046,429.8445786298185
부산광역시,2047,438.929022252529
부산광역시,2048,440.0529978836801
부산광역시,2049,435.24019830806117
부산광역시,2050,439.5588397801933
부산광역시,2051,444.5628618294311
부산광역시,2052,432.7683862640726
부산광역시,2053,437.7124546865596
부산광역시,2054,427.8307598387197
부산광역시,2055,402.21976477154635
부산광역시,2056,422.61263569616534
부산광역시,2057,434.00229080300204
부산광역시,2058,438.69797039913436
부산광역시,2059,420.97699609853527
부산광역시,2060,462.7205411858716
부산광역시,2061,433.91880679747396
부산광역시,2062,417.8153093687714
부산광역시,2063,425.26917830797385
부산광역시,2064,423.31872670543237
부산광역시,2065,438.6595780535499
부산광역시,2066,439.99381028009486
부산광역시,2067,423.663369761792
부산광역시,2068,447.23822014573966
부산광역시,2069,446.38413811893946
부산광역시,2070,418.2723638758689
부산광역시,2071,414.3461919617025
부산광역시,2072,421.4179341606963
부산광역시,2073,404.4760597519309
부산광역시,2074,431.60862385397667
부산광역시,2075,440.5345256539597
부산광역시,2076,449.43434534568246
부산광역시,2077,420.534358772562
부산광역시,2078,434.83498760014794
부산광역시,2079,425.3454389846359
부산광역시,2080,427.48363256848677
부산광역시,2081,418.5641822671662
부산광역시,2082,420.98753107783654
부산광역시,2083,423.74704474243254
부산광역시,2084,439.72687864194825
부산광역시,2085,416.0939392197597
부산광역시,2086,444.9060793689239
부산광역시,2087,435.67126451272685
부산광역시,2088,434.7078839465302
부산광역시,2089,433.5671547798742
부산광역시,2090,431.1521070689608
부산광역시,2091,419.30001895850427
부산광역시,2092,435.48491870130164
부산광역시,2093,421.0048589392475
부산광역시,2094,414.9823141363546
부산광역시,2095,418.78432885242233
부산광역시,2096,419.1335245159127
부산광역시,2097,421.61065065495205
부산광역시,2098,436.2539192049429
부산광역시,2099,415.29929334977794
부산광역시,2100,431.21909144815703
서울특별시,2021,463.4736844545681
서울특별시,2022,442.61012609671457
서울특별시,2023,480.721455623828
서울특별시,2024,461.90845367001043
서울특별시,2025,439.5424633050068
서울특별시,2026,482.41877482441356
서울특별시,2027,438.8637719104359
서울특별시,2028,447.4887156792311
서울특별시,2029,436.94795449611706
서울특별시,2030,436.34867368307545
서울특별시,2031,456.42745103679965
서울특별시,2032,484.0470002234495
서울특별시,2033,384.9764480236628
서울특별시,2034,494.1724303073143
서울특별시,2035,410.6318703542876
서울특별시,2036,422.9564658631754
서울특별시,2037,448.5863638515452
서울특별시,2038,464.78971326213235
서울특별시,2039,430.6221317794871
서울특별시,2040,467.48609991305125
서울특별시,2041,454.1570179223599
서울특별시,2042,450.654031447034
서울특별시,2043,442.43469675239135
서울특별시,2044,451.67472521726177
서울특별시,2045,441.00268898703933
서울특별시,2046,398.48992354550654
서울특별시,2047,442.44450113407726
서울특별시,2048,431.3819308780911
서울특별시,2049,450.35672991206053
서울특별시,2050,436.13529855676796
서울특별시,2051,461.1142848940365
서울특별시,2052,402.2087064771766
서울특별시,2053,444.07850073967614
서울특별시,2054,452.8662111174282
서울특별시,2055,431.0878097073865
서울특별시,2056,436.6121416177015
서울특별시,2057,438.2612551958987
서울특별시,2058,455.95375995176454
서울특별시,2059,428.3761692353982
서울특별시,2060,470.9731662386455
서울특별시,2061,446.48894505284204
서울특별시,2062,427.4567529008363
서울특별시,2063,434.26960060743704
서울특별시,2064,454.612929178572
서울특별시,2065,451.1648081039452
서울특별시,2066,438.3926543340306
서울특별시,2067,422.5143319951058
서울특별시,2068,459.44752613067294
서울특별시,2069,444.26556363222784
서울특별시,2070,443.6126959339768
서울특별시,2071,395.7466205334283
서울특별시,2072,376.2628500479728
서울특별시,2073,422.78844051126475
서울특별시,2074,448.8902900677464
서울특별시,2075,458.259415368567
서울특별시,2076,458.3124817090725
서울특별시,2077,434.2258824973604
서울특별시,2078,455.2358940113931
서울특별시,2079,447.5043102340162
서울특별시,2080,422.81063133548844
서울특별시,2081,423.0279012806651
서울특별시,2082,438.7685583969222
서울특별시,2083,407.7537035747687
서울특별시,2084,433.1030434589429
서울특별시,2085,362.6838011636247
서울특별시,2086,445.4984001123542
서울특별시,2087,435.09163697576355
서울특별시,2088,460.94770379366213
서울특별시,2089,435.3098652298293
서울특별시,2090,452.05676623757074
서울특별시,2091,439.23115693743983
서울특별시,2092,438.43078127479225
서울특별시,2093,440.471955128508
서울특별시,2094,411.70990265664517
서울특별시,2095,417.21167055857825
서울특별시,2096,433.4409272889436
서울특별시,2097,425.63699483471396
서울특별시,2098,405.0468559386918
서울특별시,2099,425.0452502090981
서울특별시,2100,440.91340845938436
세종특별자치시,2021,490.3335353698084
세종특별자치시,2022,502.8714630408249
세종특별자치시,2023,517.5552291045894
세종특별자치시,2024,500.9170587877574
세종특별자치시,2025,492.8584044384572
세종특별자치시,2026,518.9507984143512
세종특별자치시,2027,485.95740121923694
세종특별자치시,2028,498.1217097741613
세종특별자치시,2029,498.41909999910973
세종특별자치시,2030,480.7572463227336
세종특별자치시,2031,495.4921195627642
세종특별자치시,2032,522.1141329820173
세종특별자치시,2033,409.8941774501833
세종특별자치시,2034,524.5527925042561
세종특별자치시,2035,454.89528636412865
세종특별자치시,2036,449.95141757589624
세종특별자치시,2037,501.613528304186
세종특별자치시,2038,528.4245226705763
세종특별자치시,2039,498.24098565333736
세종특별자치시,2040,513.2282686803027
세종특별자치시,2041,504.02041284196724
세종특별자치시,2042,472.67309778470076
세종특별자치시,2043,501.79691423959173
세종특별자치시,2044,484.73560071811573
세종특별자치시,2045,489.48720881899885
세종특별자치시,2046,473.11716071032214
세종특별자치시,2047,487.0014933102526
세종특별자치시,2048,482.25594372449586
세종특별자치시,2049,473.79127306862017
세종특별자치시,2050,484.81439649777786
세종특별자치시,2051,499.6639286536451
세종특별자치시,2052,468.382864195269
세종특별자치시,2053,489.05270763331964
세종특별자치시,2054,492.74674109377395
세종특별자치시,2055,448.3411455007362
세종특별자치시,2056,465.3294635984673
세종특별자치시,2057,480.1573850511472
세종특별자치시,2058,485.0150458555984
세종특별자치시,2059,471.6415731548001
세종특별자치시,2060,512.5045218669135
세종특별자치시,2061,475.3212778059268
세종특별자치시,2062,453.8837422084564
세종특별자치시,2063,477.0154430671448
세종특별자치시,2064,477.2585774525618
세종특별자치시,2065,489.06269677116074
세종특별자치시,2066,469.9081006807831
세종특별자치시,2067,458.91734904409185
세종특별자치시,2068,503.4572818267998
세종특별자치시,2069,488.8762587127669
세종특별자치시,2070,468.90863310473407
세종특별자치시,2071,452.12386033393955
세종특별자치시,2072,452.4813014744184
세종특별자치시,2073,438.97244003894093
세종특별자치시,2074,474.13304972218606
세종특별자치시,2075,481.00815534362977
세종특별자치시,2076,500.1948713489083
세종특별자치시,2077,446.6658566351993
세종특별자치시,2078,484.71931384634684
세종특별자치시,2079,476.3307402804697
세종특별자치시,2080,471.42354626274056
세종특별자치시,2081,447.9922416345834
세종특별자치시,2082,460.09491171577025
세종특별자치시,2083,461.6758797109048
세종특별자치시,2084,472.783241482469
세종특별자치시,2085,446.28021576932457
세종특별자치시,2086,488.9300157752165
세종특별자치시,2087,474.0076843677781
세종특별자치시,2088,484.4661983278219
세종특별자치시,2089,454.78088692982897
세종특별자치시,2090,476.8513188732954
세종특별자치시,2091,461.2986289589466
세종특별자치시,2092,472.36163521518733
세종특별자치시,2093,472.94953090563905
세종특별자치시,2094,456.79229588741725
세종특별자치시,2095,447.41421420988456
세종특별자치시,2096,480.6483749048984
세종특별자치시,2097,457.66984438280235
세종특별자치시,2098,451.3984329947891
세종특별자치시,2099,443.0089130873121
세종특별자치시,2100,473.4236046734522
울산광역시,2021,456.41983608875285
울산광역시,2022,470.72506243983867
울산광역시,2023,479.55241648090475
울산광역시,2024,487.09473156910036
울산광역시,2025,468.73167021245064
울산광역시,2026,474.9718936663545
울산광역시,2027,431.34010342770574
울산광역시,2028,484.46008193487484
울산광역시,2029,455.0203538090135
울산광역시,2030,436.6401471161313
울산광역시,2031,449.5694142511085
울산광역시,2032,470.45177396475543
울산광역시,2033,388.3043839964712
울산광역시,2034,497.68993541735523
울산광역시,2035,422.62151921986106
울산광역시,2036,381.1394710746187
울산광역시,2037,451.61690673757937
울산광역시,2038,488.79704186601606
울산광역시,2039,435.0308313530574
울산광역시,2040,447.5413397408458
울산광역시,2041,459.07340470629316
울산광역시,2042,440.544126666815
울산광역시,2043,449.029566425658
울산광역시,2044,446.71329691027506
울산광역시,2045,458.4128962197519
울산광역시,2046,436.9966933853068
울산광역시,2047,457.64287787684526
울산광역시,2048,453.0805235536872
울산광역시,2049,439.2499453463324
울산광역시,2050,449.7729013321347
울산광역시,2051,452.2771156958626
울산광역시,2052,433.6078337403026
울산광역시,2053,444.45384689332394
울산광역시,2054,431.54293859084885
울산광역시,2055,415.02824556283696
울산광역시,2056,426.8287102488758
울산광역시,2057,440.87135959644166
울산광역시,2058,441.84735589231855
울산광역시,2059,430.5057600181123
울산광역시,2060,462.80923545337197
울산광역시,2061,444.84808238844715
울산광역시,2062,426.06695460383867
울산광역시,2063,435.1090282987666
울산광역시,2064,434.1588556109513
울산광역시,2065,440.23827760414844
울산광역시,2066,446.20495891619385
울산광역시,2067,435.48194205656364
울산광역시,2068,454.5233744880947
울산광역시,2069,449.1389275923644
울산광역시,2070,423.6159562211743
울산광역시,2071,430.5250479267374
울산광역시,2072,424.96313688937335
울산광역시,2073,422.76724353634677
울산광역시,2074,443.482680384424
울산광역시,2075,453.54153209673115
울산광역시,2076,453.11676114053313
울산광역시,2077,429.3890147267617
울산광역시,2078,438.33186083394384
울산광역시,2079,429.60707851374286
울산광역시,2080,436.3892198840977
울산광역시,2081,419.02265375553674
울산광역시,2082,422.44066884131115
울산광역시,2083,433.6740209077052
울산광역시,2084,438.63859031604636
울산광역시,2085,421.6861569949044
울산광역시,2086,444.23132718117733
울산광역시,2087,448.0463691337076
울산광역시,2088,442.9168178887713
울산광역시,2089,443.823010478797
울산광역시,2090,439.73933675734867
울산광역시,2091,422.6501806653685
울산광역시,2092,434.2528999903612
울산광역시,2093,428.4244642755202
울산광역시,2094,427.5079466200434
울산광역시,2095,428.6335148635706
울산광역시,2096,429.73049744289625
울산광역시,2097,434.52437440395323
울산광역시,2098,442.8024950790142
울산광역시,2099,418.0568013737052
울산광역시,2100,442.3830566831423
인천광역시,2021,479.0849125100713
인천광역시,2022,458.8436814294169
인천광역시,2023,496.4075360864756
인천광역시,2024,471.8838442984161
인천광역시,2025,459.2879891491773
인천광역시,2026,489.74794945415897
인천광역시,2027,455.094380334331
인천광역시,2028,465.45797879051423
인천광역시,2029,451.07527638390115
인천광역시,2030,451.9760762736079
인천광역시,2031,480.25324156041614
인천광역시,2032,497.94977761553554
인천광역시,2033,420.7628940785338
인천광역시,2034,500.8499701950883
인천광역시,2035,442.68836997435676
인천광역시,2036,430.2805083918789
인천광역시,2037,465.1305978662179
인천광역시,2038,482.2106552437649
인천광역시,2039,438.4834792249425
인천광역시,2040,480.48996571434503
인천광역시,2041,461.8953581071224
인천광역시,2042,465.6142040912554
인천광역시,2043,445.202112780357
인천광역시,2044,471.416263058852
인천광역시,2045,466.68665823361084
인천광역시,2046,433.68071164557875
인천광역시,2047,454.5956428801718
인천광역시,2048,450.5452114149198
인천광역시,2049,457.2940415393334
인천광역시,2050,442.12125892006895
인천광역시,2051,465.6743750129331
인천광역시,2052,426.3306810548281
인천광역시,2053,449.7378906295263
인천광역시,2054,464.7426570860312
인천광역시,2055,443.30853593322365
인천광역시,2056,455.49253424946505
인천광역시,2057,450.21325460133977
인천광역시,2058,462.205434798235
인천광역시,2059,436.7926115106
인천광역시,2060,478.05972678138045
인천광역시,2061,455.96079392480567
인천광역시,2062,432.7301177615869
인천광역시,2063,447.6703478290518
인천광역시,2064,466.57512242373963
인천광역시,2065,458.2778234809969
인천광역시,2066,457.75328257581066
인천광역시,2067,435.54343929656847
인천광역시,2068,461.46475841187385
인천광역시,2069,450.35554847581113
인천광역시,2070,443.8282459361593
인천광역시,2071,427.6002867299188
인천광역시,2072,398.7447955188837
인천광역시,2073,433.7205766216592
인천광역시,2074,455.76336208256276
인천광역시,2075,461.6597122961694
인천광역시,2076,478.4146809238776
인천광역시,2077,445.9963202045928
인천광역시,2078,457.16052924732253
인천광역시,2079,448.92001436435544
인천광역시,2080,437.0879319287107
인천광역시,2081,439.4141372684357
인천광역시,2082,442.4228066628866
인천광역시,2083,421.500411127267
인천광역시,2084,440.31354523166056
인천광역시,2085,395.55796433348826
인천광역시,2086,455.1022006621942
인천광역시,2087,444.99517484218956
인천광역시,2088,462.90825823219626
인천광역시,2089,442.5859986960417
인천광역시,2090,456.9100200893994
인천광역시,2091,445.64829790454877
인천광역시,2092,446.0186522607694
인천광역시,2093,442.414498629565
인천광역시,2094,426.46918925651033
인천광역시,2095,429.8421469303191
인천광역시,2096,438.61323490525217
인천광역시,2097,429.85038230422157
인천광역시,2098,431.85256828188926
인천광역시,2099,429.8998499157142
인천광역시,2100,448.297475129278
전라남도,2021,446.6602631699169
전라남도,2022,481.72553753418674
전라남도,2023,482.3271025114996
전라남도,2024,475.0270176148595
전라남도,2025,479.863382187403
전라남도,2026,486.4929398966775
전라남도,2027,445.91312361918773
전라남도,2028,482.9136146944827
전라남도,2029,475.2358558127129
전라남도,2030,450.9592647748845
전라남도,2031,471.7183966206858
전라남도,2032,488.7892190987118
전라남도,2033,376.5183674993965
전라남도,2034,512.3031340753437
전라남도,2035,428.40355928995626
전라남도,2036,412.9673752215074
전라남도,2037,468.55076305710327
전라남도,2038,497.0996298145188
전라남도,2039,439.8110488635889
전라남도,2040,485.44980919861666
전라남도,2041,476.98296365581274
전라남도,2042,464.97768527767573
전라남도,2043,459.8528262176712
전라남도,2044,451.588661313127
전라남도,2045,470.2412172330168
전라남도,2046,451.4424383910243
전라남도,2047,458.6153570460511
전라남도,2048,476.8517562624585
전라남도,2049,452.5989333033391
전라남도,2050,460.4310267235494
전라남도,2051,465.45724978089055
전라남도,2052,440.61505720031016
전라남도,2053,434.6137623886265
전라남도,2054,463.9397385616938
전라남도,2055,429.2132191932237
전라남도,2056,427.05449784058106
전라남도,2057,458.6318503423614
전라남도,2058,453.9096253487883
전라남도,2059,433.07107266089577
전라남도,2060,483.46095922055497
전라남도,2061,447.431585244968
전라남도,2062,436.1958724175127
전라남도,2063,426.70877452454647
전라남도,2064,429.98851177879567
전라남도,2065,463.9404702654288
전라남도,2066,457.1019269029574
전라남도,2067,434.22111648939915
전라남도,2068,482.64035721052676
전라남도,2069,455.05219411347827
전라남도,2070,433.6871298428745
전라남도,2071,424.661598245104
전라남도,2072,425.7625308508036
전라남도,2073,397.9120393657515
전라남도,2074,446.80251119282457
전라남도,2075,476.0359886661168
전라남도,2076,460.48175715688575
전라남도,2077,431.04762970525945
전라남도,2078,453.03454171962716
전라남도,2079,444.21050273101895
전라남도,2080,439.78276730732887
전라남도,2081,416.81134563780563
전라남도,2082,427.37248070522156
전라남도,2083,438.3864181655843
전라남도,2084,456.9936706464888
전라남도,2085,430.6439920179365
전라남도,2086,453.9934253033945
전라남도,2087,453.2590878822101
전라남도,2088,457.4544652406848
전라남도,2089,441.76489699294945
전라남도,2090,455.48512510566695
전라남도,2091,441.02416311369774
전라남도,2092,437.29235893660496
전라남도,2093,440.78807205834255
전라남도,2094,427.2854115601364
전라남도,2095,416.47784628586487
전라남도,2096,450.71936470463584
전라남도,2097,429.08640816839204
전라남도,2098,446.3797112005208
전라남도,2099,427.09136020368726
전라남도,2100,451.3900575649665
전라북도,2021,484.75795425903004
전라북도,2022,499.27163216331485
전라북도,2023,520.4396309036681
전라북도,2024,505.9594415372223
전라북도,2025,503.89534781736893
전라북도,2026,513.4002348331736
전라북도,2027,481.7759223220193
전라북도,2028,497.1849634869462
전라북도,2029,508.3251282481431
전라북도,2030,489.47207868189133
전라북도,2031,497.81297137683407
전라북도,2032,516.0164358453726
전라북도,2033,412.24930994184615
전라북도,2034,531.7120505913482
전라북도,2035,453.7578881260903
전라북도,2036,453.05438416884357
전라북도,2037,499.3102634855284
전라북도,2038,514.840748211938
전라북도,2039,492.18561972029767
전라북도,2040,512.8083455796437
전라북도,2041,508.24459088725854
전라북도,2042,483.058032687597
전라북도,2043,502.0653166475023
전라북도,2044,493.02014833262973
전라북도,2045,481.0926644625135
전라북도,2046,486.13585725771867
전라북도,2047,480.5223556603412
전라북도,2048,499.7334197244972
전라북도,2049,484.44600682166407
전라북도,2050,479.34870801763213
전라북도,2051,502.10751818243926
전라북도,2052,464.6860552095688
전라북도,2053,493.6804129514141
전라북도,2054,494.10908905781287
전라북도,2055,448.41469599663316
전라북도,2056,450.8930513407045
전라북도,2057,490.1829490632578
전라북도,2058,484.54774417625885
전라북도,2059,465.57479408227556
전라북도,2060,513.7224931076246
전라북도,2061,476.2961337537395
전라북도,2062,466.7839306122849
전라북도,2063,465.35516143995727
전라북도,2064,462.2467610267043
전라북도,2065,492.2053878712949
전라북도,2066,476.5993535365669
전라북도,2067,468.3760439758531
전라북도,2068,512.010471727884
전라북도,2069,498.3729367747445
전라북도,2070,463.85317016260575
전라북도,2071,454.45644981311244
전라북도,2072,452.65124198779023
전라북도,2073,435.1891640869494
전라북도,2074,470.7279600646345
전라북도,2075,489.5331742529202
전라북도,2076,485.7618786562495
전라북도,2077,452.68533504393685
전라북도,2078,482.60708430488665
전라북도,2079,479.32301760020937
전라북도,2080,473.41908579173844
전라북도,2081,445.0077393819097
전라북도,2082,456.2418570295426
전라북도,2083,462.40125355449555
전라북도,2084,468.9568141478967
전라북도,2085,454.95794348540954
전라북도,2086,490.29356678943105
전라북도,2087,475.27213823268977
전라북도,2088,485.92693102938074
전라북도,2089,461.55249278385884
전라북도,2090,478.41263670614853
전라북도,2091,464.2998733536563
전라북도,2092,467.3090299645106
전라북도,2093,464.79858698088935
전라북도,2094,459.76809835787867
전라북도,2095,448.46842073868174
전라북도,2096,480.271595783386
전라북도,2097,460.91562985082214
전라북도,2098,461.2621876222027
전라북도,2099,445.12395290417913
전라북도,2100,473.5257467338994
제주도,2021,425.9954161571224
제주도,2022,420.69639669597746
제주도,2023,416.62296071563804
제주도,2024,410.2919709669832
제주도,2025,413.86551405838304
제주도,2026,418.9789654614229
제주도,2027,376.67059917395926
제주도,2028,417.0547838441533
제주도,2029,422.1421658435531
제주도,2030,408.86465031929964
제주도,2031,402.08576612648017
제주도,2032,418.6214829798624
제주도,2033,339.79814514316104
제주도,2034,440.7882533112917
제주도,2035,370.68024411276946
제주도,2036,347.01905883172884
제주도,2037,398.86394982713165
제주도,2038,428.26930317859
제주도,2039,374.42816393658404
제주도,2040,411.2890531617982
제주도,2041,418.26334898580956
제주도,2042,415.3573866371668
제주도,2043,400.7907303949455
제주도,2044,405.72024041184187
제주도,2045,416.92492318025774
제주도,2046,402.65680822061427
제주도,2047,416.9732427417958
제주도,2048,415.7251528214283
제주도,2049,405.4881017096694
제주도,2050,420.1552065824244
제주도,2051,396.61424659902826
제주도,2052,419.2955894716813
제주도,2053,407.1463736243997
제주도,2054,419.65794355923003
제주도,2055,326.9164159609473
제주도,2056,383.83229038342415
제주도,2057,407.81105970700787
제주도,2058,413.42877259246814
제주도,2059,381.40563061294614
제주도,2060,430.78181168449146
제주도,2061,401.5432711074789
제주도,2062,402.6624868834646
제주도,2063,364.3037376740067
제주도,2064,401.2247202367148
제주도,2065,405.4155387058476
제주도,2066,410.65185094881105
제주도,2067,382.88213721625067
제주도,2068,435.8661773005886
제주도,2069,402.2382496412476
제주도,2070,394.88342735350426
제주도,2071,326.3956244498448
제주도,2072,405.5698482351794
제주도,2073,343.6268566758229
제주도,2074,393.2714643264049
제주도,2075,420.99694286629375
제주도,2076,411.29097236277346
제주도,2077,399.19171573315776
제주도,2078,367.93890528730714
제주도,2079,401.50798499064996
제주도,2080,391.93374389028446
제주도,2081,358.88266364476584
제주도,2082,371.8471328067768
제주도,2083,407.3019916676655
제주도,2084,416.78393559125385
제주도,2085,384.8608376675722
제주도,2086,419.5717270803703
제주도,2087,402.6097846467563
제주도,2088,407.742751979981
제주도,2089,398.02625660337515
제주도,2090,407.95673085476443
제주도,2091,374.23775304001583
제주도,2092,351.1055430194499
제주도,2093,388.1106351050234
제주도,2094,377.80435999844434
제주도,2095,400.90709029629323
제주도,2096,400.5278680716285
제주도,2097,399.39866544234025
제주도,2098,379.48971122234724
제주도,2099,323.5191945724568
제주도,2100,403.2362706590886
충청남도,2021,495.8318363787174
충청남도,2022,498.2332463193431
충청남도,2023,517.9052937814392
충청남도,2024,497.2306517710326
충청남도,2025,492.8848849022664
충청남도,2026,515.6384060322711
충청남도,2027,476.85245668093637
충청남도,2028,493.1488094087883
충청남도,2029,498.7361620172457
충청남도,2030,483.77178610790355
충청남도,2031,499.2998415708814
충청남도,2032,517.5869796438909
충청남도,2033,422.31480170009195
충청남도,2034,526.3179060268479
충청남도,2035,451.0830103828008
충청남도,2036,451.9477887163956
충청남도,2037,501.337216827383
충청남도,2038,523.1503541599627
충청남도,2039,491.2500036959241
충청남도,2040,508.69744961249665
충청남도,2041,498.67738859937936
충청남도,2042,478.9886837639173
충청남도,2043,494.2524712418212
충청남도,2044,482.4288115650533
충청남도,2045,485.0524706305703
충청남도,2046,472.3129890843189
충청남도,2047,477.7320456427346
충청남도,2048,485.7351791728495
충청남도,2049,478.18444213368997
충청남도,2050,478.3508072316871
충청남도,2051,494.3133485107182
충청남도,2052,454.81884769413324
충청남도,2053,486.27239305953697
충청남도,2054,489.63725977494306
충청남도,2055,444.7966292941048
충청남도,2056,466.502094247481
충청남도,2057,487.15171690582287
충청남도,2058,483.7723030034047
충청남도,2059,468.5151779758486
충청남도,2060,506.94076751196314
충청남도,2061,472.0982742194682
충청남도,2062,455.9887455246106
충청남도,2063,471.18379788216674
충청남도,2064,474.1248730477827
충청남도,2065,486.18274157203354
충청남도,2066,468.9871506117131
충청남도,2067,451.6551703281083
충청남도,2068,496.8760719829135
충청남도,2069,483.6648384729559
충청남도,2070,466.683398827861
충청남도,2071,453.10159060201653
충청남도,2072,455.25938770603744
충청남도,2073,437.78287650546656
충청남도,2074,470.01326143724333
충청남도,2075,478.3272539246328
충청남도,2076,494.69352798383363
충청남도,2077,458.00983050827136
충청남도,2078,478.21315545382186
충청남도,2079,473.6807947783488
충청남도,2080,468.80254566252734
충청남도,2081,444.80149899243986
충청남도,2082,454.30316603094434
충청남도,2083,453.30276165028795
충청남도,2084,463.6563776503249
충청남도,2085,442.5354763557697
충청남도,2086,484.0810341980083
충청남도,2087,465.91587868014534
충청남도,2088,483.3923153315657
충청남도,2089,453.81961205789884
충청남도,2090,474.4356899192494
충청남도,2091,460.0914413950459
충청남도,2092,468.07159897782594
충청남도,2093,468.96074129196256
충청남도,2094,456.3930862415296
충청남도,2095,442.8367484907861
충청남도,2096,476.14997416118644
충청남도,2097,451.90476760557925
충청남도,2098,451.033577289836
충청남도,2099,440.8998736799743
충청남도,2100,470.93885987598304
충청북도,2021,491.602610732398
충청북도,2022,512.9602905929041
충청북도,2023,525.2393388292172
충청북도,2024,505.47423213813516
충청북도,2025,497.7561796002694
충청북도,2026,523.64053452591
충청북도,2027,491.120585983946
충청북도,2028,506.7559993553529
충청북도,2029,504.0120884423725
충청북도,2030,482.7827381924614
충청북도,2031,503.7654347936564
충청북도,2032,538.8313839372514
충청북도,2033,421.14161013155973
충청북도,2034,538.9659510661395
충청북도,2035,461.9821002359697
충청북도,2036,451.20574989127624
충청북도,2037,506.6794972611151
충청북도,2038,526.3245565313383
충청북도,2039,497.58562033433344
충청북도,2040,520.8094138590378
충청북도,2041,508.7646614148263
충청북도,2042,481.94702054680727
충청북도,2043,498.841574968954
충청북도,2044,492.5927738818326
충청북도,2045,492.28105635952284
충청북도,2046,483.5502028512652
충청북도,2047,488.50205484525884
충청북도,2048,491.9229922218474
충청북도,2049,477.50495229655877
충청북도,2050,489.6714760685548
충청북도,2051,508.3339828928047
충청북도,2052,467.3692833075518
충청북도,2053,490.0137610566877
충청북도,2054,497.00448271039744
충청북도,2055,461.2242747377178
충청북도,2056,476.22830697508516
충청북도,2057,488.88714260696605
충청북도,2058,502.56325982971725
충청북도,2059,474.4279884635349
충청북도,2060,516.0125236027106
충청북도,2061,479.99339152057854
충청북도,2062,464.9686147216534
충청북도,2063,479.9577614674819
충청북도,2064,487.4158629341552
충청북도,2065,506.1093324919297
충청북도,2066,473.3734869627047
충청북도,2067,464.44390695159564
충청북도,2068,514.8395349616205
충청북도,2069,492.8991342646504
충청북도,2070,472.98118206356247
충청북도,2071,452.8888142057501
충청북도,2072,452.8752765194174
충청북도,2073,443.7029543983777
충청북도,2074,485.76342481375985
충청북도,2075,499.57419245008214
충청북도,2076,502.80339928681434
충청북도,2077,457.51936544169126
충청북도,2078,495.967735282806
충청북도,2079,487.81347900455864
충청북도,2080,471.32415666736455
충청북도,2081,456.61508044789775
충청북도,2082,463.04395717086527
충청북도,2083,464.2469901525162
충청북도,2084,482.9365783666863
충청북도,2085,443.0284650026532
충청북도,2086,496.29799094717845
충청북도,2087,489.5887494677308
충청북도,2088,493.794405880625
충청북도,2089,460.379913763801
충청북도,2090,478.54847096821635
충청북도,2091,463.59141961843744
충청북도,2092,479.8820900386809
충청북도,2093,477.8808718268896
충청북도,2094,458.4360708303807
충청북도,2095,449.5524782029092
충청북도,2096,482.0610420097201
충청북도,2097,459.6981617485439
충청북도,2098,453.0103914688502
충청북도,2099,448.45620170540997
충청북도,2100,479.04956854202527
